-- phpMyAdmin SQL Dump
-- version 4.8.3
-- https://www.phpmyadmin.net/
--
-- Host: 127.0.0.1
-- Generation Time: Apr 27, 2020 at 10:19 AM
-- Server version: 10.1.35-MariaDB
-- PHP Version: 7.2.9

SET SQL_MODE = "NO_AUTO_VALUE_ON_ZERO";
SET AUTOCOMMIT = 0;
START TRANSACTION;
SET time_zone = "+00:00";


/*!40101 SET @OLD_CHARACTER_SET_CLIENT=@@CHARACTER_SET_CLIENT */;
/*!40101 SET @OLD_CHARACTER_SET_RESULTS=@@CHARACTER_SET_RESULTS */;
/*!40101 SET @OLD_COLLATION_CONNECTION=@@COLLATION_CONNECTION */;
/*!40101 SET NAMES utf8mb4 */;

--
-- Database: `db_kelulusan`
--

-- --------------------------------------------------------

--
-- Table structure for table `jurusan`
--

CREATE TABLE `jurusan` (
  `id_jurusan` int(11) NOT NULL,
  `nm_jurusan` varchar(50) NOT NULL
) ENGINE=InnoDB DEFAULT CHARSET=latin1;

--
-- Dumping data for table `jurusan`
--

INSERT INTO `jurusan` (`id_jurusan`, `nm_jurusan`) VALUES
(1, 'B. Sunda'),
(2, 'B. Indonesia');

-- --------------------------------------------------------

--
-- Table structure for table `keys`
--

CREATE TABLE `keys` (
  `id` int(11) NOT NULL,
  `user_id` int(11) NOT NULL,
  `key` varchar(40) NOT NULL,
  `level` int(2) NOT NULL,
  `ignore_limits` tinyint(1) NOT NULL DEFAULT '0',
  `is_private_key` tinyint(1) NOT NULL DEFAULT '0',
  `ip_addresses` text,
  `date_created` int(11) NOT NULL
) ENGINE=InnoDB DEFAULT CHARSET=utf8;

--
-- Dumping data for table `keys`
--

INSERT INTO `keys` (`id`, `user_id`, `key`, `level`, `ignore_limits`, `is_private_key`, `ip_addresses`, `date_created`) VALUES
(1, 1, 'qwerty', 1, 0, 0, NULL, 1),
(2, 2, 'rahasia', 1, 0, 0, NULL, 2);

-- --------------------------------------------------------

--
-- Table structure for table `limits`
--

CREATE TABLE `limits` (
  `id` int(11) NOT NULL,
  `uri` varchar(255) NOT NULL,
  `count` int(10) NOT NULL,
  `hour_started` int(11) NOT NULL,
  `api_key` varchar(40) NOT NULL
) ENGINE=InnoDB DEFAULT CHARSET=utf8;

--
-- Dumping data for table `limits`
--

INSERT INTO `limits` (`id`, `uri`, `count`, `hour_started`, `api_key`) VALUES
(1, 'uri:api/Mahasiswa/index:get', 2, 1587618349, 'rahasia'),
(2, 'uri:api/Mahasiswa/index:get', 2, 1587618406, 'qwerty');

-- --------------------------------------------------------

--
-- Table structure for table `mahasiswa`
--

CREATE TABLE `mahasiswa` (
  `nim` int(11) NOT NULL,
  `nama` varchar(50) NOT NULL,
  `id_jurusan` int(11) NOT NULL,
  `alamat` text NOT NULL,
  `password` varchar(10) NOT NULL
) ENGINE=InnoDB DEFAULT CHARSET=latin1;

--
-- Dumping data for table `mahasiswa`
--

INSERT INTO `mahasiswa` (`nim`, `nama`, `id_jurusan`, `alamat`, `password`) VALUES
(111, 'A', 1, 'SUKABUMI', '111'),
(222, 'B', 2, 'BANDUNG', '222'),
(333, 'C', 2, 'bogor', '333'),
(444, 'E', 1, 'karawang', '444');

-- --------------------------------------------------------

--
-- Table structure for table `tb_dokumen`
--

CREATE TABLE `tb_dokumen` (
  `id_dokumen` int(11) NOT NULL,
  `nm_dokumen` varchar(100) NOT NULL,
  `nis` int(11) NOT NULL,
  `keterangan` varchar(100) DEFAULT NULL
) ENGINE=InnoDB DEFAULT CHARSET=latin1;

--
-- Dumping data for table `tb_dokumen`
--

INSERT INTO `tb_dokumen` (`id_dokumen`, `nm_dokumen`, `nis`, `keterangan`) VALUES
(1, 'KELULUSAN_11707069.pdf', 11707069, ''),
(2, 'KELULUSAN_11707070.pdf', 11707070, ''),
(3, 'KELULUSAN_11707071.pdf', 11707071, ''),
(4, 'KELULUSAN_11707072.pdf', 11707072, ''),
(5, 'KELULUSAN_11707073.pdf', 11707073, ''),
(6, 'KELULUSAN_11707074.pdf', 11707074, ''),
(7, 'KELULUSAN_11707075.pdf', 11707075, ''),
(8, 'KELULUSAN_11707076.pdf', 11707076, ''),
(9, 'KELULUSAN_11707077.pdf', 11707077, ''),
(10, 'KELULUSAN_11707078.pdf', 11707078, ''),
(11, 'KELULUSAN_11707079.pdf', 11707079, ''),
(12, 'KELULUSAN_11707080.pdf', 11707080, ''),
(13, 'KELULUSAN_11707081.pdf', 11707081, ''),
(14, 'KELULUSAN_11707082.pdf', 11707082, ''),
(15, 'KELULUSAN_11707083.pdf', 11707083, ''),
(16, 'KELULUSAN_11707084.pdf', 11707084, ''),
(17, 'KELULUSAN_11707085.pdf', 11707085, ''),
(18, 'KELULUSAN_11707086.pdf', 11707086, ''),
(19, 'KELULUSAN_11707087.pdf', 11707087, ''),
(20, 'KELULUSAN_11707088.pdf', 11707088, ''),
(21, 'KELULUSAN_11707089.pdf', 11707089, ''),
(22, 'KELULUSAN_11707090.pdf', 11707090, ''),
(23, 'KELULUSAN_11707091.pdf', 11707091, ''),
(24, 'KELULUSAN_11707092.pdf', 11707092, ''),
(25, 'KELULUSAN_11707093.pdf', 11707093, ''),
(26, 'KELULUSAN_11707094.pdf', 11707094, ''),
(27, 'KELULUSAN_11707095.pdf', 11707095, ''),
(28, 'KELULUSAN_11707096.pdf', 11707096, ''),
(29, 'KELULUSAN_11707097.pdf', 11707097, ''),
(30, 'KELULUSAN_11707098.pdf', 11707098, ''),
(31, 'KELULUSAN_11707099.pdf', 11707099, ''),
(32, 'KELULUSAN_11707100.pdf', 11707100, ''),
(33, 'KELULUSAN_11707101.pdf', 11707101, ''),
(34, 'KELULUSAN_11707102.pdf', 11707102, ''),
(35, 'KELULUSAN_11707103.pdf', 11707103, ''),
(36, 'KELULUSAN_11707104.pdf', 11707104, ''),
(37, 'KELULUSAN_11707105.pdf', 11707105, ''),
(38, 'KELULUSAN_11707106.pdf', 11707106, ''),
(39, 'KELULUSAN_11707108.pdf', 11707108, ''),
(40, 'KELULUSAN_11707109.pdf', 11707109, ''),
(41, 'KELULUSAN_11707110.pdf', 11707110, ''),
(42, 'KELULUSAN_11707111.pdf', 11707111, ''),
(43, 'KELULUSAN_11707112.pdf', 11707112, ''),
(44, 'KELULUSAN_11707113.pdf', 11707113, ''),
(45, 'KELULUSAN_11707114.pdf', 11707114, ''),
(46, 'KELULUSAN_11707115.pdf', 11707115, ''),
(47, 'KELULUSAN_11707116.pdf', 11707116, ''),
(48, 'KELULUSAN_11707117.pdf', 11707117, ''),
(49, 'KELULUSAN_11707118.pdf', 11707118, ''),
(50, 'KELULUSAN_11707119.pdf', 11707119, ''),
(51, 'KELULUSAN_11707120.pdf', 11707120, ''),
(52, 'KELULUSAN_11707121.pdf', 11707121, ''),
(53, 'KELULUSAN_11707122.pdf', 11707122, ''),
(54, 'KELULUSAN_11707123.pdf', 11707123, ''),
(55, 'KELULUSAN_11707124.pdf', 11707124, ''),
(56, 'KELULUSAN_11707125.pdf', 11707125, ''),
(57, 'KELULUSAN_11707126.pdf', 11707126, ''),
(58, 'KELULUSAN_11707127.pdf', 11707127, ''),
(59, 'KELULUSAN_11707128.pdf', 11707128, ''),
(60, 'KELULUSAN_11707129.pdf', 11707129, ''),
(61, 'KELULUSAN_11707130.pdf', 11707130, ''),
(62, 'KELULUSAN_11707131.pdf', 11707131, ''),
(63, 'KELULUSAN_11707132.pdf', 11707132, ''),
(64, 'KELULUSAN_11707133.pdf', 11707133, ''),
(65, 'KELULUSAN_11707134.pdf', 11707134, ''),
(66, 'KELULUSAN_11707135.pdf', 11707135, ''),
(67, 'KELULUSAN_11707136.pdf', 11707136, ''),
(68, 'KELULUSAN_11707137.pdf', 11707137, ''),
(69, 'KELULUSAN_11707138.pdf', 11707138, ''),
(70, 'KELULUSAN_11707139.pdf', 11707139, ''),
(71, 'KELULUSAN_11707140.pdf', 11707140, ''),
(72, 'KELULUSAN_11706997.pdf', 11706997, ''),
(73, 'KELULUSAN_11706999.pdf', 11706999, ''),
(74, 'KELULUSAN_11707000.pdf', 11707000, ''),
(75, 'KELULUSAN_11707001.pdf', 11707001, ''),
(76, 'KELULUSAN_11707002.pdf', 11707002, ''),
(77, 'KELULUSAN_11707003.pdf', 11707003, ''),
(78, 'KELULUSAN_11707004.pdf', 11707004, ''),
(79, 'KELULUSAN_11707005.pdf', 11707005, ''),
(80, 'KELULUSAN_11707006.pdf', 11707006, ''),
(81, 'KELULUSAN_11707007.pdf', 11707007, ''),
(82, 'KELULUSAN_11707008.pdf', 11707008, ''),
(83, 'KELULUSAN_11707009.pdf', 11707009, ''),
(84, 'KELULUSAN_11707011.pdf', 11707011, ''),
(85, 'KELULUSAN_11707012.pdf', 11707012, ''),
(86, 'KELULUSAN_11707013.pdf', 11707013, ''),
(87, 'KELULUSAN_11707014.pdf', 11707014, ''),
(88, 'KELULUSAN_11707015.pdf', 11707015, ''),
(89, 'KELULUSAN_11707016.pdf', 11707016, ''),
(90, 'KELULUSAN_11707017.pdf', 11707017, ''),
(91, 'KELULUSAN_11707018.pdf', 11707018, ''),
(92, 'KELULUSAN_11707019.pdf', 11707019, ''),
(93, 'KELULUSAN_11707020.pdf', 11707020, ''),
(94, 'KELULUSAN_11707021.pdf', 11707021, ''),
(95, 'KELULUSAN_11707022.pdf', 11707022, ''),
(96, 'KELULUSAN_11707023.pdf', 11707023, ''),
(97, 'KELULUSAN_11707024.pdf', 11707024, ''),
(98, 'KELULUSAN_11707025.pdf', 11707025, ''),
(99, 'KELULUSAN_11707026.pdf', 11707026, ''),
(100, 'KELULUSAN_11707027.pdf', 11707027, ''),
(101, 'KELULUSAN_11707028.pdf', 11707028, ''),
(102, 'KELULUSAN_11707029.pdf', 11707029, ''),
(103, 'KELULUSAN_11707030.pdf', 11707030, ''),
(104, 'KELULUSAN_11707031.pdf', 11707031, ''),
(105, 'KELULUSAN_11707032.pdf', 11707032, ''),
(106, 'KELULUSAN_11707033.pdf', 11707033, ''),
(107, 'KELULUSAN_11707034.pdf', 11707034, ''),
(108, 'KELULUSAN_11707035.pdf', 11707035, ''),
(109, 'KELULUSAN_11707036.pdf', 11707036, ''),
(110, 'KELULUSAN_11707037.pdf', 11707037, ''),
(111, 'KELULUSAN_11707038.pdf', 11707038, ''),
(112, 'KELULUSAN_11707039.pdf', 11707039, ''),
(113, 'KELULUSAN_21807427.pdf', 21807427, ''),
(114, 'KELULUSAN_11707040.pdf', 11707040, ''),
(115, 'KELULUSAN_11707041.pdf', 11707041, ''),
(116, 'KELULUSAN_11707042.pdf', 11707042, ''),
(117, 'KELULUSAN_11707043.pdf', 11707043, ''),
(118, 'KELULUSAN_11707044.pdf', 11707044, ''),
(119, 'KELULUSAN_11707046.pdf', 11707046, ''),
(120, 'KELULUSAN_11707048.pdf', 11707048, ''),
(121, 'KELULUSAN_11707049.pdf', 11707049, ''),
(122, 'KELULUSAN_11707050.pdf', 11707050, ''),
(123, 'KELULUSAN_11707051.pdf', 11707051, ''),
(124, 'KELULUSAN_11707052.pdf', 11707052, ''),
(125, 'KELULUSAN_11707053.pdf', 11707053, ''),
(126, 'KELULUSAN_11707054.pdf', 11707054, ''),
(127, 'KELULUSAN_11707055.pdf', 11707055, ''),
(128, 'KELULUSAN_11707056.pdf', 11707056, ''),
(129, 'KELULUSAN_11707057.pdf', 11707057, ''),
(130, 'KELULUSAN_11707059.pdf', 11707059, ''),
(131, 'KELULUSAN_11707061.pdf', 11707061, ''),
(132, 'KELULUSAN_11707062.pdf', 11707062, ''),
(133, 'KELULUSAN_11707063.pdf', 11707063, ''),
(134, 'KELULUSAN_11707064.pdf', 11707064, ''),
(135, 'KELULUSAN_11707065.pdf', 11707065, ''),
(136, 'KELULUSAN_11707067.pdf', 11707067, ''),
(137, 'KELULUSAN_11707141.pdf', 11707141, ''),
(138, 'KELULUSAN_11707142.pdf', 11707142, ''),
(139, 'KELULUSAN_11707143.pdf', 11707143, ''),
(140, 'KELULUSAN_11707144.pdf', 11707144, ''),
(141, 'KELULUSAN_11707145.pdf', 11707145, ''),
(142, 'KELULUSAN_11707146.pdf', 11707146, ''),
(143, 'KELULUSAN_11707147.pdf', 11707147, ''),
(144, 'KELULUSAN_11707148.pdf', 11707148, ''),
(145, 'KELULUSAN_11707149.pdf', 11707149, ''),
(146, 'KELULUSAN_11707150.pdf', 11707150, ''),
(147, 'KELULUSAN_11707151.pdf', 11707151, ''),
(148, 'KELULUSAN_11707152.pdf', 11707152, ''),
(149, 'KELULUSAN_11707154.pdf', 11707154, ''),
(150, 'KELULUSAN_11707155.pdf', 11707155, ''),
(151, 'KELULUSAN_11707156.pdf', 11707156, ''),
(152, 'KELULUSAN_11707158.pdf', 11707158, ''),
(153, 'KELULUSAN_11707160.pdf', 11707160, ''),
(154, 'KELULUSAN_11707161.pdf', 11707161, ''),
(155, 'KELULUSAN_11707162.pdf', 11707162, ''),
(156, 'KELULUSAN_11707163.pdf', 11707163, ''),
(157, 'KELULUSAN_11707164.pdf', 11707164, ''),
(158, 'KELULUSAN_11707165.pdf', 11707165, ''),
(159, 'KELULUSAN_11707166.pdf', 11707166, ''),
(160, 'KELULUSAN_11707167.pdf', 11707167, ''),
(161, 'KELULUSAN_11707168.pdf', 11707168, ''),
(162, 'KELULUSAN_11707169.pdf', 11707169, ''),
(163, 'KELULUSAN_11707170.pdf', 11707170, ''),
(164, 'KELULUSAN_11707171.pdf', 11707171, ''),
(165, 'KELULUSAN_11707172.pdf', 11707172, ''),
(166, 'KELULUSAN_11707173.pdf', 11707173, ''),
(167, 'KELULUSAN_11707174.pdf', 11707174, ''),
(168, 'KELULUSAN_11707175.pdf', 11707175, ''),
(169, 'KELULUSAN_11707176.pdf', 11707176, ''),
(170, 'KELULUSAN_11707177.pdf', 11707177, ''),
(171, 'KELULUSAN_11707178.pdf', 11707178, ''),
(172, 'KELULUSAN_11707180.pdf', 11707180, ''),
(173, 'KELULUSAN_11707181.pdf', 11707181, ''),
(174, 'KELULUSAN_11707182.pdf', 11707182, ''),
(175, 'KELULUSAN_11707183.pdf', 11707183, ''),
(176, 'KELULUSAN_11707184.pdf', 11707184, ''),
(177, 'KELULUSAN_11707185.pdf', 11707185, ''),
(178, 'KELULUSAN_11707186.pdf', 11707186, ''),
(179, 'KELULUSAN_11707187.pdf', 11707187, ''),
(180, 'KELULUSAN_11707188.pdf', 11707188, ''),
(181, 'KELULUSAN_11707189.pdf', 11707189, ''),
(182, 'KELULUSAN_11707190.pdf', 11707190, ''),
(183, 'KELULUSAN_11707191.pdf', 11707191, ''),
(184, 'KELULUSAN_11707192.pdf', 11707192, ''),
(185, 'KELULUSAN_11707193.pdf', 11707193, ''),
(186, 'KELULUSAN_11707194.pdf', 11707194, ''),
(187, 'KELULUSAN_11707195.pdf', 11707195, ''),
(188, 'KELULUSAN_11707196.pdf', 11707196, ''),
(189, 'KELULUSAN_11707197.pdf', 11707197, ''),
(190, 'KELULUSAN_11707198.pdf', 11707198, ''),
(191, 'KELULUSAN_11707199.pdf', 11707199, ''),
(192, 'KELULUSAN_11707200.pdf', 11707200, ''),
(193, 'KELULUSAN_11707201.pdf', 11707201, ''),
(194, 'KELULUSAN_11707202.pdf', 11707202, ''),
(195, 'KELULUSAN_11707203.pdf', 11707203, ''),
(196, 'KELULUSAN_11707204.pdf', 11707204, ''),
(197, 'KELULUSAN_11707205.pdf', 11707205, ''),
(198, 'KELULUSAN_11707206.pdf', 11707206, ''),
(199, 'KELULUSAN_11707207.pdf', 11707207, ''),
(200, 'KELULUSAN_11707208.pdf', 11707208, ''),
(201, 'KELULUSAN_11707209.pdf', 11707209, ''),
(202, 'KELULUSAN_11707210.pdf', 11707210, ''),
(203, 'KELULUSAN_11707211.pdf', 11707211, ''),
(204, 'KELULUSAN_11707212.pdf', 11707212, ''),
(205, 'KELULUSAN_11707213.pdf', 11707213, ''),
(206, 'KELULUSAN_11707214.pdf', 11707214, ''),
(207, 'KELULUSAN_11707215.pdf', 11707215, ''),
(208, 'KELULUSAN_11707216.pdf', 11707216, ''),
(209, 'KELULUSAN_11707217.pdf', 11707217, ''),
(210, 'KELULUSAN_11707218.pdf', 11707218, ''),
(211, 'KELULUSAN_11707219.pdf', 11707219, ''),
(212, 'KELULUSAN_11707220.pdf', 11707220, ''),
(213, 'KELULUSAN_11707221.pdf', 11707221, ''),
(214, 'KELULUSAN_11707222.pdf', 11707222, ''),
(215, 'KELULUSAN_11707223.pdf', 11707223, ''),
(216, 'KELULUSAN_11707224.pdf', 11707224, ''),
(217, 'KELULUSAN_11707225.pdf', 11707225, ''),
(218, 'KELULUSAN_11707226.pdf', 11707226, ''),
(219, 'KELULUSAN_11707227.pdf', 11707227, ''),
(220, 'KELULUSAN_11707228.pdf', 11707228, ''),
(221, 'KELULUSAN_11707229.pdf', 11707229, ''),
(222, 'KELULUSAN_11707230.pdf', 11707230, ''),
(223, 'KELULUSAN_11707231.pdf', 11707231, ''),
(224, 'KELULUSAN_11707232.pdf', 11707232, ''),
(225, 'KELULUSAN_11707233.pdf', 11707233, ''),
(226, 'KELULUSAN_11707234.pdf', 11707234, ''),
(227, 'KELULUSAN_11707235.pdf', 11707235, ''),
(228, 'KELULUSAN_11707236.pdf', 11707236, ''),
(229, 'KELULUSAN_11707237.pdf', 11707237, ''),
(230, 'KELULUSAN_11707238.pdf', 11707238, ''),
(231, 'KELULUSAN_11707239.pdf', 11707239, ''),
(232, 'KELULUSAN_11707240.pdf', 11707240, ''),
(233, 'KELULUSAN_11707241.pdf', 11707241, ''),
(234, 'KELULUSAN_11707242.pdf', 11707242, ''),
(235, 'KELULUSAN_11707243.pdf', 11707243, ''),
(236, 'KELULUSAN_11707244.pdf', 11707244, ''),
(237, 'KELULUSAN_11707245.pdf', 11707245, ''),
(238, 'KELULUSAN_11707246.pdf', 11707246, ''),
(239, 'KELULUSAN_11707247.pdf', 11707247, ''),
(240, 'KELULUSAN_11707248.pdf', 11707248, ''),
(241, 'KELULUSAN_11707249.pdf', 11707249, ''),
(242, 'KELULUSAN_11707250.pdf', 11707250, ''),
(243, 'KELULUSAN_11707251.pdf', 11707251, ''),
(244, 'KELULUSAN_11707252.pdf', 11707252, ''),
(245, 'KELULUSAN_11707253.pdf', 11707253, ''),
(246, 'KELULUSAN_11707254.pdf', 11707254, ''),
(247, 'KELULUSAN_11707255.pdf', 11707255, ''),
(248, 'KELULUSAN_11707256.pdf', 11707256, ''),
(249, 'KELULUSAN_11707257.pdf', 11707257, ''),
(250, 'KELULUSAN_11707258.pdf', 11707258, ''),
(251, 'KELULUSAN_11707259.pdf', 11707259, ''),
(252, 'KELULUSAN_11707260.pdf', 11707260, ''),
(253, 'KELULUSAN_11707261.pdf', 11707261, ''),
(254, 'KELULUSAN_11707262.pdf', 11707262, ''),
(255, 'KELULUSAN_11707263.pdf', 11707263, ''),
(256, 'KELULUSAN_11707265.pdf', 11707265, ''),
(257, 'KELULUSAN_11707266.pdf', 11707266, ''),
(258, 'KELULUSAN_11707267.pdf', 11707267, ''),
(259, 'KELULUSAN_11707268.pdf', 11707268, ''),
(260, 'KELULUSAN_11707269.pdf', 11707269, ''),
(261, 'KELULUSAN_11707270.pdf', 11707270, ''),
(262, 'KELULUSAN_11707271.pdf', 11707271, ''),
(263, 'KELULUSAN_11707272.pdf', 11707272, ''),
(264, 'KELULUSAN_11707273.pdf', 11707273, ''),
(265, 'KELULUSAN_11707274.pdf', 11707274, ''),
(266, 'KELULUSAN_11707275.pdf', 11707275, ''),
(267, 'KELULUSAN_11707276.pdf', 11707276, ''),
(268, 'KELULUSAN_11707277.pdf', 11707277, ''),
(269, 'KELULUSAN_11707278.pdf', 11707278, ''),
(270, 'KELULUSAN_11707279.pdf', 11707279, ''),
(271, 'KELULUSAN_11707280.pdf', 11707280, ''),
(272, 'KELULUSAN_11707281.pdf', 11707281, ''),
(273, 'KELULUSAN_11707282.pdf', 11707282, ''),
(274, 'KELULUSAN_11707283.pdf', 11707283, ''),
(275, 'KELULUSAN_11707284.pdf', 11707284, ''),
(276, 'KELULUSAN_11707285.pdf', 11707285, ''),
(277, 'KELULUSAN_11707286.pdf', 11707286, ''),
(278, 'KELULUSAN_11707287.pdf', 11707287, ''),
(279, 'KELULUSAN_11707288.pdf', 11707288, ''),
(280, 'KELULUSAN_11707290.pdf', 11707290, ''),
(281, 'KELULUSAN_11707291.pdf', 11707291, ''),
(282, 'KELULUSAN_11707292.pdf', 11707292, ''),
(283, 'KELULUSAN_11707293.pdf', 11707293, ''),
(284, 'KELULUSAN_11707295.pdf', 11707295, ''),
(285, 'KELULUSAN_11707296.pdf', 11707296, ''),
(286, 'KELULUSAN_11707297.pdf', 11707297, ''),
(287, 'KELULUSAN_11707298.pdf', 11707298, ''),
(288, 'KELULUSAN_11707299.pdf', 11707299, ''),
(289, 'KELULUSAN_11707300.pdf', 11707300, ''),
(290, 'KELULUSAN_11707301.pdf', 11707301, ''),
(291, 'KELULUSAN_11707302.pdf', 11707302, ''),
(292, 'KELULUSAN_11707303.pdf', 11707303, ''),
(293, 'KELULUSAN_11707304.pdf', 11707304, ''),
(294, 'KELULUSAN_11707305.pdf', 11707305, ''),
(295, 'KELULUSAN_11707306.pdf', 11707306, ''),
(296, 'KELULUSAN_11707307.pdf', 11707307, ''),
(297, 'KELULUSAN_11707308.pdf', 11707308, ''),
(298, 'KELULUSAN_11707309.pdf', 11707309, ''),
(299, 'KELULUSAN_11707310.pdf', 11707310, ''),
(300, 'KELULUSAN_11707311.pdf', 11707311, ''),
(301, 'KELULUSAN_11707312.pdf', 11707312, ''),
(302, 'KELULUSAN_11707313.pdf', 11707313, ''),
(303, 'KELULUSAN_11707314.pdf', 11707314, ''),
(304, 'KELULUSAN_11707315.pdf', 11707315, ''),
(305, 'KELULUSAN_11707316.pdf', 11707316, ''),
(306, 'KELULUSAN_11707317.pdf', 11707317, ''),
(307, 'KELULUSAN_11707318.pdf', 11707318, ''),
(308, 'KELULUSAN_11707319.pdf', 11707319, ''),
(309, 'KELULUSAN_11707320.pdf', 11707320, ''),
(310, 'KELULUSAN_11707321.pdf', 11707321, ''),
(311, 'KELULUSAN_11707322.pdf', 11707322, ''),
(312, 'KELULUSAN_11707323.pdf', 11707323, ''),
(313, 'KELULUSAN_11707324.pdf', 11707324, ''),
(314, 'KELULUSAN_11707325.pdf', 11707325, ''),
(315, 'KELULUSAN_11707326.pdf', 11707326, ''),
(316, 'KELULUSAN_11707327.pdf', 11707327, ''),
(317, 'KELULUSAN_11707328.pdf', 11707328, ''),
(318, 'KELULUSAN_11707329.pdf', 11707329, ''),
(319, 'KELULUSAN_11707330.pdf', 11707330, ''),
(320, 'KELULUSAN_11707331.pdf', 11707331, ''),
(321, 'KELULUSAN_11707332.pdf', 11707332, ''),
(322, 'KELULUSAN_11707333.pdf', 11707333, ''),
(323, 'KELULUSAN_11707334.pdf', 11707334, ''),
(324, 'KELULUSAN_11707335.pdf', 11707335, ''),
(325, 'KELULUSAN_11707336.pdf', 11707336, ''),
(326, 'KELULUSAN_11707337.pdf', 11707337, ''),
(327, 'KELULUSAN_11707338.pdf', 11707338, ''),
(328, 'KELULUSAN_11707339.pdf', 11707339, ''),
(329, 'KELULUSAN_11707340.pdf', 11707340, ''),
(330, 'KELULUSAN_11707341.pdf', 11707341, ''),
(331, 'KELULUSAN_11707343.pdf', 11707343, ''),
(332, 'KELULUSAN_11707344.pdf', 11707344, ''),
(333, 'KELULUSAN_11707345.pdf', 11707345, ''),
(334, 'KELULUSAN_11707346.pdf', 11707346, ''),
(335, 'KELULUSAN_11707347.pdf', 11707347, ''),
(336, 'KELULUSAN_11707348.pdf', 11707348, ''),
(337, 'KELULUSAN_11707349.pdf', 11707349, ''),
(338, 'KELULUSAN_11707350.pdf', 11707350, ''),
(339, 'KELULUSAN_11707351.pdf', 11707351, ''),
(340, 'KELULUSAN_11707352.pdf', 11707352, ''),
(341, 'KELULUSAN_11707353.pdf', 11707353, ''),
(342, 'KELULUSAN_11707354.pdf', 11707354, ''),
(343, 'KELULUSAN_11707355.pdf', 11707355, ''),
(344, 'KELULUSAN_11707356.pdf', 11707356, ''),
(345, 'KELULUSAN_11707357.pdf', 11707357, ''),
(346, 'KELULUSAN_11606910.pdf', 11606910, ''),
(347, 'KELULUSAN_11707358.pdf', 11707358, ''),
(348, 'KELULUSAN_11707359.pdf', 11707359, ''),
(349, 'KELULUSAN_11707360.pdf', 11707360, ''),
(350, 'KELULUSAN_11707362.pdf', 11707362, ''),
(351, 'KELULUSAN_11707364.pdf', 11707364, ''),
(352, 'KELULUSAN_11707365.pdf', 11707365, ''),
(353, 'KELULUSAN_11707366.pdf', 11707366, ''),
(354, 'KELULUSAN_11707368.pdf', 11707368, ''),
(355, 'KELULUSAN_11707367.pdf', 11707367, ''),
(356, 'KELULUSAN_11707369.pdf', 11707369, ''),
(357, 'KELULUSAN_11707370.pdf', 11707370, ''),
(358, 'KELULUSAN_11707371.pdf', 11707371, ''),
(359, 'KELULUSAN_11707372.pdf', 11707372, ''),
(360, 'KELULUSAN_11707373.pdf', 11707373, ''),
(361, 'KELULUSAN_11707375.pdf', 11707375, ''),
(362, 'KELULUSAN_11707376.pdf', 11707376, ''),
(363, 'KELULUSAN_11707377.pdf', 11707377, ''),
(364, 'KELULUSAN_11707378.pdf', 11707378, ''),
(365, 'KELULUSAN_11707379.pdf', 11707379, ''),
(366, 'KELULUSAN_11707380.pdf', 11707380, ''),
(367, 'KELULUSAN_11707381.pdf', 11707381, ''),
(368, 'KELULUSAN_11707382.pdf', 11707382, ''),
(369, 'KELULUSAN_11707383.pdf', 11707383, ''),
(370, 'KELULUSAN_11707385.pdf', 11707385, ''),
(371, 'KELULUSAN_11707386.pdf', 11707386, ''),
(372, 'KELULUSAN_11707387.pdf', 11707387, ''),
(373, 'KELULUSAN_11707388.pdf', 11707388, ''),
(374, 'KELULUSAN_11707389.pdf', 11707389, ''),
(375, 'KELULUSAN_11707390.pdf', 11707390, ''),
(376, 'KELULUSAN_21807861.pdf', 21807861, ''),
(377, 'KELULUSAN_11707391.pdf', 11707391, ''),
(378, 'KELULUSAN_11707392.pdf', 11707392, ''),
(379, 'KELULUSAN_11707393.pdf', 11707393, ''),
(380, 'KELULUSAN_11707395.pdf', 11707395, ''),
(381, 'KELULUSAN_11707396.pdf', 11707396, ''),
(382, 'KELULUSAN_11707397.pdf', 11707397, ''),
(383, 'KELULUSAN_11707400.pdf', 11707400, ''),
(384, 'KELULUSAN_11707401.pdf', 11707401, ''),
(385, 'KELULUSAN_11707402.pdf', 11707402, ''),
(386, 'KELULUSAN_11707403.pdf', 11707403, ''),
(387, 'KELULUSAN_11707404.pdf', 11707404, ''),
(388, 'KELULUSAN_11707405.pdf', 11707405, ''),
(389, 'KELULUSAN_11707406.pdf', 11707406, ''),
(390, 'KELULUSAN_11707408.pdf', 11707408, ''),
(391, 'KELULUSAN_11707409.pdf', 11707409, ''),
(392, 'KELULUSAN_11707410.pdf', 11707410, ''),
(393, 'KELULUSAN_11707411.pdf', 11707411, ''),
(394, 'KELULUSAN_11707412.pdf', 11707412, ''),
(395, 'KELULUSAN_11707413.pdf', 11707413, ''),
(396, 'KELULUSAN_11707414.pdf', 11707414, ''),
(397, 'KELULUSAN_11707415.pdf', 11707415, ''),
(398, 'KELULUSAN_11707416.pdf', 11707416, ''),
(399, 'KELULUSAN_11707417.pdf', 11707417, ''),
(400, 'KELULUSAN_11707418.pdf', 11707418, ''),
(401, 'KELULUSAN_11707419.pdf', 11707419, ''),
(402, 'KELULUSAN_11707420.pdf', 11707420, ''),
(403, 'KELULUSAN_11707421.pdf', 11707421, ''),
(404, 'KELULUSAN_11707422.pdf', 11707422, ''),
(405, 'KELULUSAN_11707423.pdf', 11707423, ''),
(406, 'KELULUSAN_11707424.pdf', 11707424, ''),
(407, 'KELULUSAN_11707425.pdf', 11707425, ''),
(408, 'KELULUSAN_11707426.pdf', 11707426, ''),
(409, 'KELULUSAN_10170001.pdf', 10170001, ''),
(410, 'KELULUSAN_10170003.pdf', 10170003, ''),
(411, 'KELULUSAN_10170004.pdf', 10170004, ''),
(412, 'KELULUSAN_10170025.pdf', 10170025, ''),
(413, 'KELULUSAN_10170005.pdf', 10170005, ''),
(414, 'KELULUSAN_10170008.pdf', 10170008, ''),
(415, 'KELULUSAN_10170011.pdf', 10170011, ''),
(416, 'KELULUSAN_10170010.pdf', 10170010, ''),
(417, 'KELULUSAN_10170012.pdf', 10170012, ''),
(418, 'KELULUSAN_10170013.pdf', 10170013, ''),
(419, 'KELULUSAN_10170014.pdf', 10170014, ''),
(420, 'KELULUSAN_10170015.pdf', 10170015, ''),
(421, 'KELULUSAN_10170016.pdf', 10170016, ''),
(422, 'KELULUSAN_10170017.pdf', 10170017, ''),
(423, 'KELULUSAN_10170018.pdf', 10170018, ''),
(424, 'KELULUSAN_10170019.pdf', 10170019, ''),
(425, 'KELULUSAN_10170020.pdf', 10170020, ''),
(426, 'KELULUSAN_10170021.pdf', 10170021, ''),
(427, 'KELULUSAN_10170023.pdf', 10170023, '');

-- --------------------------------------------------------

--
-- Table structure for table `tb_siswa`
--

CREATE TABLE `tb_siswa` (
  `nis` int(11) NOT NULL,
  `nm_siswa` varchar(100) NOT NULL,
  `kompetensi_keahlian` varchar(50) NOT NULL,
  `password` varchar(20) NOT NULL,
  `keterangan` enum('LULUS','BELUM LULUS') NOT NULL
) ENGINE=InnoDB DEFAULT CHARSET=latin1;

--
-- Dumping data for table `tb_siswa`
--

INSERT INTO `tb_siswa` (`nis`, `nm_siswa`, `kompetensi_keahlian`, `password`, `keterangan`) VALUES
(10170001, 'Aris Ramdan M', 'Bisnis Daring dan Pemasaran', '10170001', 'LULUS'),
(10170003, 'Diva Librata', 'Bisnis Daring dan Pemasaran', '10170003', 'LULUS'),
(10170004, 'Gita Dwi Cahya', 'Bisnis Daring dan Pemasaran', '10170004', 'LULUS'),
(10170005, 'Iklas Permana', 'Bisnis Daring dan Pemasaran', '10170005', 'LULUS'),
(10170008, 'Meli Andriani', 'Bisnis Daring dan Pemasaran', '10170008', 'LULUS'),
(10170010, 'Mohammad Ramdani', 'Bisnis Daring dan Pemasaran', '10170001', 'LULUS'),
(10170011, 'Mochmad Raihan Akbar', 'Bisnis Daring dan Pemasaran', '10170011', 'LULUS'),
(10170012, 'Muhammad Galih Ramdhan', 'Bisnis Daring dan Pemasaran', '10170012', 'LULUS'),
(10170013, 'Nu\'man Firmansyah', 'Bisnis Daring dan Pemasaran', '10170013', 'LULUS'),
(10170014, 'Nur Azijah', 'Bisnis Daring dan Pemasaran', '10170014', 'LULUS'),
(10170015, 'Rangga Shaepul H', 'Bisnis Daring dan Pemasaran', '10170015', 'LULUS'),
(10170016, 'Ratna Kristianti', 'Bisnis Daring dan Pemasaran', '10170016', 'LULUS'),
(10170017, 'Robi Agustina', 'Bisnis Daring dan Pemasaran', '10170017', 'LULUS'),
(10170018, 'Silvia Septiani', 'Bisnis Daring dan Pemasaran', '10170018', 'LULUS'),
(10170019, 'Siti Nur Intan', 'Bisnis Daring dan Pemasaran', '10170019', 'LULUS'),
(10170020, 'Siti Nurzanah', 'Bisnis Daring dan Pemasaran', '10170020', 'LULUS'),
(10170021, 'Sri Helayati', 'Bisnis Daring dan Pemasaran', '10170021', 'LULUS'),
(10170023, 'Tedi Ruspiandi', 'Bisnis Daring dan Pemasaran', '10170023', 'LULUS'),
(10170025, 'Hudri Koswara', 'Bisnis Daring dan Pemasaran', '10170025', 'LULUS'),
(11606910, 'Ares Zahra Gemilang', 'Bisnis Daring dan Pemasaran', '11606910', 'LULUS'),
(11706997, 'Agung Wafik Salapi', 'Teknik Komputer dan Jaringan', '11706997', 'LULUS'),
(11706999, 'Aqsal Rivaldi Pradana', 'Teknik Komputer dan Jaringan', '11706999', 'LULUS'),
(11707000, 'Ari Moch Rafli', 'Teknik Komputer dan Jaringan', '11707000', 'LULUS'),
(11707001, 'Aryandi Sasmita Pratama', 'Teknik Komputer dan Jaringan', '11707001', 'LULUS'),
(11707002, 'Bagas Aryaputra', 'Teknik Komputer dan Jaringan', '11707002', 'LULUS'),
(11707003, 'Dani Ramdani', 'Teknik Komputer dan Jaringan', '11707003', 'LULUS'),
(11707004, 'Dimas Agustian', 'Teknik Komputer dan Jaringan', '11707004', 'LULUS'),
(11707005, 'Efwan Muhamad Fauzan', 'Teknik Komputer dan Jaringan', '11707005', 'LULUS'),
(11707006, 'Eneng Siti Anisa Nurhasanah', 'Teknik Komputer dan Jaringan', '11707006', 'LULUS'),
(11707007, 'Faisal Ahmad Zaeni', 'Teknik Komputer dan Jaringan', '11707007', 'LULUS'),
(11707008, 'Fazri Ahmad Fachreza', 'Teknik Komputer dan Jaringan', '11707008', 'LULUS'),
(11707009, 'Hikam Rizqi Samudra', 'Teknik Komputer dan Jaringan', '11707009', 'LULUS'),
(11707011, 'Kalviana Alfiansyah', 'Teknik Komputer dan Jaringan', '11707011', 'LULUS'),
(11707012, 'Kiki Anugrah Sapto Herdiyan', 'Teknik Komputer dan Jaringan', '11707012', 'LULUS'),
(11707013, 'Luvita Sri Kurniawati', 'Teknik Komputer dan Jaringan', '11707013', 'LULUS'),
(11707014, 'Michael Drasna Putra', 'Teknik Komputer dan Jaringan', '11707014', 'LULUS'),
(11707015, 'Mohamad Erlan Maulana', 'Teknik Komputer dan Jaringan', '11707015', 'LULUS'),
(11707016, 'Mohammad Ramdan Yusuf Al-fikri', 'Teknik Komputer dan Jaringan', '11707016', 'LULUS'),
(11707017, 'Muhammad Abdul Muiz', 'Teknik Komputer dan Jaringan', '11707017', 'LULUS'),
(11707018, 'Muhammad Ali Setiawan', 'Teknik Komputer dan Jaringan', '11707018', 'LULUS'),
(11707019, 'Muhammad Furkon Rio Rifandi', 'Teknik Komputer dan Jaringan', '11707019', 'LULUS'),
(11707020, 'Ngurah Komang Wira Galih Adhisthanaya', 'Teknik Komputer dan Jaringan', '11707020', 'LULUS'),
(11707021, 'Putri Andini', 'Teknik Komputer dan Jaringan', '11707021', 'LULUS'),
(11707022, 'Raden Fadhli Rahmatan Lil\'alamin', 'Teknik Komputer dan Jaringan', '11707022', 'LULUS'),
(11707023, 'Reki Afrillana', 'Teknik Komputer dan Jaringan', '11707023', 'LULUS'),
(11707024, 'Riski Ramdani', 'Teknik Komputer dan Jaringan', '11707024', 'LULUS'),
(11707025, 'Sa\'durrizal Akmal', 'Teknik Komputer dan Jaringan', '11707025', 'LULUS'),
(11707026, 'Salsa Silvia', 'Teknik Komputer dan Jaringan', '11707026', 'LULUS'),
(11707027, 'Taufik Febrian', 'Teknik Komputer dan Jaringan', '11707027', 'LULUS'),
(11707028, 'Virhan Andriansyah', 'Teknik Komputer dan Jaringan', '11707028', 'LULUS'),
(11707029, 'Yosep', 'Teknik Komputer dan Jaringan', '11707029', 'LULUS'),
(11707030, 'Yosi Uswatun Hasanah', 'Teknik Komputer dan Jaringan', '11707030', 'LULUS'),
(11707031, 'Zidane Maulana Djaelani', 'Teknik Komputer dan Jaringan', '11707031', 'LULUS'),
(11707032, 'Zulfikar Ali Khan', 'Teknik Komputer dan Jaringan', '11707032', 'LULUS'),
(11707033, 'Achmad Firdaus', 'Teknik Komputer dan Jaringan', '11707033', 'LULUS'),
(11707034, 'Adam Mulyana', 'Teknik Komputer dan Jaringan', '11707034', 'LULUS'),
(11707035, 'Aditiya Wijaya', 'Teknik Komputer dan Jaringan', '11707035', 'LULUS'),
(11707036, 'Aeni Khoirunnisa', 'Teknik Komputer dan Jaringan', '11707036', 'LULUS'),
(11707037, 'Agum Gumelar', 'Teknik Komputer dan Jaringan', '11707037', 'LULUS'),
(11707038, 'Ainul Haq Nurridha', 'Teknik Komputer dan Jaringan', '11707038', 'LULUS'),
(11707039, 'Annisya  Mustika Nur Islami', 'Teknik Komputer dan Jaringan', '11707039', 'LULUS'),
(11707040, 'Dennis Saputra Ariansyah', 'Teknik Komputer dan Jaringan', '11707040', 'LULUS'),
(11707041, 'Erik setiawan', 'Teknik Komputer dan Jaringan', '11707041', 'LULUS'),
(11707042, 'Erwandi Pramudya', 'Teknik Komputer dan Jaringan', '11707042', 'LULUS'),
(11707043, 'Frikanti Zahra EkaSakti', 'Teknik Komputer dan Jaringan', '11707043', 'LULUS'),
(11707044, 'Galih Anggara Sukma', 'Teknik Komputer dan Jaringan', '11707044', 'LULUS'),
(11707046, 'Kenati Muhammad', 'Teknik Komputer dan Jaringan', '11707046', 'LULUS'),
(11707048, 'Lukman Rizky Naufal', 'Teknik Komputer dan Jaringan', '11707048', 'LULUS'),
(11707049, 'Mochamad Aqbil Ajriyal Fajri', 'Teknik Komputer dan Jaringan', '11707049', 'LULUS'),
(11707050, 'Mochammad Fajar Shidiq', 'Teknik Komputer dan Jaringan', '11707050', 'LULUS'),
(11707051, 'Mohamad Hehalizah Tamela', 'Teknik Komputer dan Jaringan', '11707051', 'LULUS'),
(11707052, 'Muhamad Viga Prayoga Samsudin', 'Teknik Komputer dan Jaringan', '11707052', 'LULUS'),
(11707053, 'Muhammad Anwari', 'Teknik Komputer dan Jaringan', '11707053', 'LULUS'),
(11707054, 'Muhammad Rafli', 'Teknik Komputer dan Jaringan', '11707054', 'LULUS'),
(11707055, 'Muji Zahra Regina', 'Teknik Komputer dan Jaringan', '11707055', 'LULUS'),
(11707056, 'Nopaldi Ramdhan Sukmawan', 'Teknik Komputer dan Jaringan', '11707056', 'LULUS'),
(11707057, 'Nur Muhammad Syamsi', 'Teknik Komputer dan Jaringan', '11707057', 'LULUS'),
(11707059, 'Pahri', 'Teknik Komputer dan Jaringan', '11707059', 'LULUS'),
(11707061, 'Rahma Cikal Permana', 'Teknik Komputer dan Jaringan', '11707061', 'LULUS'),
(11707062, 'Rio Cahyadi Putra', 'Teknik Komputer dan Jaringan', '11707062', 'LULUS'),
(11707063, 'Rizki Firman Firdaus', 'Teknik Komputer dan Jaringan', '11707063', 'LULUS'),
(11707064, 'Siti Endah Maryam', 'Teknik Komputer dan Jaringan', '11707064', 'LULUS'),
(11707065, 'Siti Nurfauzia', 'Teknik Komputer dan Jaringan', '11707065', 'LULUS'),
(11707067, 'Tiara Siti Nur Amalia', 'Teknik Komputer dan Jaringan', '11707067', 'LULUS'),
(11707069, 'Agung Nugraha', 'Rekayasa Perangkat Lunak', '11707069', 'LULUS'),
(11707070, 'Akmal Mustaqim Jusup', 'Rekayasa Perangkat Lunak', '11707070', 'LULUS'),
(11707071, 'Alliya Putri Rahmadani Sukandi', 'Rekayasa Perangkat Lunak', '11707071', 'LULUS'),
(11707072, 'Anita Friscarina', 'Rekayasa Perangkat Lunak', '11707072', 'LULUS'),
(11707073, 'Ari Maulana Sopandi', 'Rekayasa Perangkat Lunak', '11707073', 'LULUS'),
(11707074, 'Armando Drogo Tresna', 'Rekayasa Perangkat Lunak', '11707074', 'LULUS'),
(11707075, 'Arrijal Mutaqin', 'Rekayasa Perangkat Lunak', '11707075', 'LULUS'),
(11707076, 'Arya Yuda Septo Fransesko', 'Rekayasa Perangkat Lunak', '11707076', 'LULUS'),
(11707077, 'Destri Herdini', 'Rekayasa Perangkat Lunak', '11707077', 'LULUS'),
(11707078, 'Dimas Nurcahya', 'Rekayasa Perangkat Lunak', '11707078', 'LULUS'),
(11707079, 'Dimas Suratmojo', 'Rekayasa Perangkat Lunak', '11707079', 'LULUS'),
(11707080, 'Fauzi Ikhsan Fazrin', 'Rekayasa Perangkat Lunak', '11707080', 'LULUS'),
(11707081, 'Hasnan Habib Adams', 'Rekayasa Perangkat Lunak', '11707081', 'LULUS'),
(11707082, 'Kivana Panji Pratama', 'Rekayasa Perangkat Lunak', '11707082', 'LULUS'),
(11707083, 'Leticia Carolina Wijaya', 'Rekayasa Perangkat Lunak', '11707083', 'LULUS'),
(11707084, 'Lucky Armansyah', 'Rekayasa Perangkat Lunak', '11707084', 'LULUS'),
(11707085, 'Maulana Dzatul Kahfi Hidayat', 'Rekayasa Perangkat Lunak', '11707085', 'LULUS'),
(11707086, 'Moch. Fadhil Nanda Lutfi', 'Rekayasa Perangkat Lunak', '11707086', 'LULUS'),
(11707087, 'Mochamad Agri Firdaus', 'Rekayasa Perangkat Lunak', '11707087', 'LULUS'),
(11707088, 'Mochamad Fikri Ramadhany', 'Rekayasa Perangkat Lunak', '11707088', 'LULUS'),
(11707089, 'Mohamad  Ashil', 'Rekayasa Perangkat Lunak', '11707089', 'LULUS'),
(11707090, 'Muhamad  Abiyasa Sastra Wardhana', 'Rekayasa Perangkat Lunak', '11707090', 'LULUS'),
(11707091, 'Muhamad Dena Allaris', 'Rekayasa Perangkat Lunak', '11707091', 'LULUS'),
(11707092, 'Muhammad Anas Firdaus', 'Rekayasa Perangkat Lunak', '11707092', 'LULUS'),
(11707093, 'Muhammad Iqbal Maula Alviansyah', 'Rekayasa Perangkat Lunak', '11707093', 'LULUS'),
(11707094, 'Muhammad Rafdi Hadyan Auzan', 'Rekayasa Perangkat Lunak', '11707094', 'LULUS'),
(11707095, 'Nada Aulia', 'Rekayasa Perangkat Lunak', '11707095', 'LULUS'),
(11707096, 'Nursyifa Utami', 'Rekayasa Perangkat Lunak', '11707096', 'LULUS'),
(11707097, 'Rikam Prajamusti', 'Rekayasa Perangkat Lunak', '11707097', 'LULUS'),
(11707098, 'Rochmy Abdul Aziz', 'Rekayasa Perangkat Lunak', '11707098', 'LULUS'),
(11707099, 'Rvina Juliantiwi', 'Rekayasa Perangkat Lunak', '11707099', 'LULUS'),
(11707100, 'Sendi Rachmat Darmawan', 'Rekayasa Perangkat Lunak', '11707100', 'LULUS'),
(11707101, 'Siti Hanifah Nuraini', 'Rekayasa Perangkat Lunak', '11707101', 'LULUS'),
(11707102, 'Siti Rahmania', 'Rekayasa Perangkat Lunak', '11707102', 'LULUS'),
(11707103, 'Sri Marwah Jamilah', 'Rekayasa Perangkat Lunak', '11707103', 'LULUS'),
(11707104, 'Sufyan Abdul Ezza', 'Rekayasa Perangkat Lunak', '11707104', 'LULUS'),
(11707105, 'Aditya Fakhri Riansyah', 'Rekayasa Perangkat Lunak', '11707105', 'LULUS'),
(11707106, 'Ahmad Zaini Almalik', 'Rekayasa Perangkat Lunak', '11707106', 'LULUS'),
(11707108, 'Anisa Priya Rahmawati', 'Rekayasa Perangkat Lunak', '11707108', 'LULUS'),
(11707109, 'Arya Taufiq Rahman', 'Rekayasa Perangkat Lunak', '11707109', 'LULUS'),
(11707110, 'Asep Nugraha', 'Rekayasa Perangkat Lunak', '11707110', 'LULUS'),
(11707111, 'Ath Thariq Kartanegara', 'Rekayasa Perangkat Lunak', '11707111', 'LULUS'),
(11707112, 'Azril Erdiansyah Putra', 'Rekayasa Perangkat Lunak', '11707112', 'LULUS'),
(11707113, 'Damar Hardyana Fachril', 'Rekayasa Perangkat Lunak', '11707113', 'LULUS'),
(11707114, 'Desmaniar Cahya', 'Rekayasa Perangkat Lunak', '11707114', 'LULUS'),
(11707115, 'Dimas Anugrah Raihan', 'Rekayasa Perangkat Lunak', '11707115', 'LULUS'),
(11707116, 'Donny Setiawan', 'Rekayasa Perangkat Lunak', '11707116', 'LULUS'),
(11707117, 'Dwitio Ahmad Pranoto', 'Rekayasa Perangkat Lunak', '11707117', 'LULUS'),
(11707118, 'Fadil Muhammad', 'Rekayasa Perangkat Lunak', '11707118', 'LULUS'),
(11707119, 'Fakhriyal Riyandi Yasin', 'Rekayasa Perangkat Lunak', '11707119', 'LULUS'),
(11707120, 'Fatiya Syifaurrahmah', 'Rekayasa Perangkat Lunak', '11707120', 'LULUS'),
(11707121, 'Galih Lumintang', 'Rekayasa Perangkat Lunak', '11707121', 'LULUS'),
(11707122, 'Gesha Artamevia', 'Rekayasa Perangkat Lunak', '11707122', 'LULUS'),
(11707123, 'Keni Nuraeni', 'Rekayasa Perangkat Lunak', '11707123', 'LULUS'),
(11707124, 'Muhamad Dafa Satria Sidik', 'Rekayasa Perangkat Lunak', '11707124', 'LULUS'),
(11707125, 'Muhammad Faris Adi Prabowo', 'Rekayasa Perangkat Lunak', '11707125', 'LULUS'),
(11707126, 'Muhammad Khusyasyi Najib Dzaluli', 'Rekayasa Perangkat Lunak', '11707126', 'LULUS'),
(11707127, 'Muhammad Syamsyul Muarif', 'Rekayasa Perangkat Lunak', '11707127', 'LULUS'),
(11707128, 'Nurima Maulida', 'Rekayasa Perangkat Lunak', '11707128', 'LULUS'),
(11707129, 'Nurmansyah Zaelani', 'Rekayasa Perangkat Lunak', '11707129', 'LULUS'),
(11707130, 'Rayhan Fadli', 'Rekayasa Perangkat Lunak', '11707130', 'LULUS'),
(11707131, 'Rehani Zaki Putri Muspara', 'Rekayasa Perangkat Lunak', '11707131', 'LULUS'),
(11707132, 'Risa Anisa Lia Pronika', 'Rekayasa Perangkat Lunak', '11707132', 'LULUS'),
(11707133, 'Sahril Angga permana', 'Rekayasa Perangkat Lunak', '11707133', 'LULUS'),
(11707134, 'Sandi Reza Febrian', 'Rekayasa Perangkat Lunak', '11707134', 'LULUS'),
(11707135, 'Satrya Tunggal Jaya', 'Rekayasa Perangkat Lunak', '11707135', 'LULUS'),
(11707136, 'Siti Sundari', 'Rekayasa Perangkat Lunak', '11707136', 'LULUS'),
(11707137, 'Suci Wulandari', 'Rekayasa Perangkat Lunak', '11707137', 'LULUS'),
(11707138, 'Syarif Aditya Hidayatullah', 'Rekayasa Perangkat Lunak', '11707138', 'LULUS'),
(11707139, 'Tiara Dwi yanti', 'Rekayasa Perangkat Lunak', '11707139', 'LULUS'),
(11707140, 'Wanda Selamet Merdeka Putri', 'Rekayasa Perangkat Lunak', '11707140', 'LULUS'),
(11707141, 'Aflaha Mughni Izdihara', 'Akuntansi dan Keuangan Lembaga', '11707141', 'LULUS'),
(11707142, 'Aishwarya  Zahra', 'Akuntansi dan Keuangan Lembaga', '11707142', 'LULUS'),
(11707143, 'Astri Priyanti', 'Akuntansi dan Keuangan Lembaga', '11707143', 'LULUS'),
(11707144, 'Dara Eka Oktapia', 'Akuntansi dan Keuangan Lembaga', '11707144', 'LULUS'),
(11707145, 'Decsy Pramesti', 'Akuntansi dan Keuangan Lembaga', '11707145', 'LULUS'),
(11707146, 'Difta Syarafina', 'Akuntansi dan Keuangan Lembaga', '11707146', 'LULUS'),
(11707147, 'Enden Abdullah Manah', 'Akuntansi dan Keuangan Lembaga', '11707147', 'LULUS'),
(11707148, 'Faras Diah Utami', 'Akuntansi dan Keuangan Lembaga', '11707148', 'LULUS'),
(11707149, 'Ira Mia Cahyani', 'Akuntansi dan Keuangan Lembaga', '11707149', 'LULUS'),
(11707150, 'M. Faris Taufiqurrahman', 'Akuntansi dan Keuangan Lembaga', '11707150', 'LULUS'),
(11707151, 'Melsi Agresita', 'Akuntansi dan Keuangan Lembaga', '11707151', 'LULUS'),
(11707152, 'Mia Asri Yani', 'Akuntansi dan Keuangan Lembaga', '11707152', 'LULUS'),
(11707154, 'Muhammad Nugraha Ramdan', 'Akuntansi dan Keuangan Lembaga', '11707154', 'LULUS'),
(11707155, 'Nanda Nuraeni Permadi', 'Akuntansi dan Keuangan Lembaga', '11707155', 'LULUS'),
(11707156, 'Nazzla Sava Camila', 'Akuntansi dan Keuangan Lembaga', '11707156', 'LULUS'),
(11707158, 'Novi Kusuma Putri', 'Akuntansi dan Keuangan Lembaga', '11707158', 'LULUS'),
(11707160, 'Putri Larasati', 'Akuntansi dan Keuangan Lembaga', '11707160', 'LULUS'),
(11707161, 'Putri Widya Cahyani', 'Akuntansi dan Keuangan Lembaga', '11707161', 'LULUS'),
(11707162, 'Raisha Humaira', 'Akuntansi dan Keuangan Lembaga', '11707162', 'LULUS'),
(11707163, 'Riana Rodatul Hanafiah', 'Akuntansi dan Keuangan Lembaga', '11707163', 'LULUS'),
(11707164, 'Rifa Dwi Agustin', 'Akuntansi dan Keuangan Lembaga', '11707164', 'LULUS'),
(11707165, 'Salma Astiansyah', 'Akuntansi dan Keuangan Lembaga', '11707165', 'LULUS'),
(11707166, 'Salma Aulia Nur Awalain', 'Akuntansi dan Keuangan Lembaga', '11707166', 'LULUS'),
(11707167, 'Siti Wahdah Hafidillah', 'Akuntansi dan Keuangan Lembaga', '11707167', 'LULUS'),
(11707168, 'Siti Zulfah Hasanah', 'Akuntansi dan Keuangan Lembaga', '11707168', 'LULUS'),
(11707169, 'Sri Yanti Nuraeni', 'Akuntansi dan Keuangan Lembaga', '11707169', 'LULUS'),
(11707170, 'Syifa Wulandari', 'Akuntansi dan Keuangan Lembaga', '11707170', 'LULUS'),
(11707171, 'Tiara Puspita', 'Akuntansi dan Keuangan Lembaga', '11707171', 'LULUS'),
(11707172, 'Tina Agustiani', 'Akuntansi dan Keuangan Lembaga', '11707172', 'LULUS'),
(11707173, 'Widiyanti Mayasari', 'Akuntansi dan Keuangan Lembaga', '11707173', 'LULUS'),
(11707174, 'Widya Febriyanti', 'Akuntansi dan Keuangan Lembaga', '11707174', 'LULUS'),
(11707175, 'Wulan Komalasari', 'Akuntansi dan Keuangan Lembaga', '11707175', 'LULUS'),
(11707176, 'Zakiah Nur Latifah', 'Akuntansi dan Keuangan Lembaga', '11707176', 'LULUS'),
(11707177, 'Agna Pradipta Apriliani', 'Akuntansi dan Keuangan Lembaga', '11707177', 'LULUS'),
(11707178, 'Ajeng Reka Anjani', 'Akuntansi dan Keuangan Lembaga', '11707178', 'LULUS'),
(11707180, 'Andini Yasmin Rinanda', 'Akuntansi dan Keuangan Lembaga', '11707180', 'LULUS'),
(11707181, 'Astri Prilawati', 'Akuntansi dan Keuangan Lembaga', '11707181', 'LULUS'),
(11707182, 'Dila Fauziah', 'Akuntansi dan Keuangan Lembaga', '11707182', 'LULUS'),
(11707183, 'Dinda Salsabila Berliana Setiawan', 'Akuntansi dan Keuangan Lembaga', '11707183', 'LULUS'),
(11707184, 'Dita Meisanti', 'Akuntansi dan Keuangan Lembaga', '11707184', 'LULUS'),
(11707185, 'Endang Praptiningsih', 'Akuntansi dan Keuangan Lembaga', '11707185', 'LULUS'),
(11707186, 'Eva Christine Manullang', 'Akuntansi dan Keuangan Lembaga', '11707186', 'LULUS'),
(11707187, 'Fakhra Aspia Hilda', 'Akuntansi dan Keuangan Lembaga', '11707187', 'LULUS'),
(11707188, 'Fany Nurfadhilah', 'Akuntansi dan Keuangan Lembaga', '11707188', 'LULUS'),
(11707189, 'Ikka Septiana Wulandhari', 'Akuntansi dan Keuangan Lembaga', '11707189', 'LULUS'),
(11707190, 'Indah Siti Nurhayati', 'Akuntansi dan Keuangan Lembaga', '11707190', 'LULUS'),
(11707191, 'Isah Marisa', 'Akuntansi dan Keuangan Lembaga', '11707191', 'LULUS'),
(11707192, 'Maharani Kusuma Ningrum', 'Akuntansi dan Keuangan Lembaga', '11707192', 'LULUS'),
(11707193, 'Muhamad Ichlas Fadillah Ridwan', 'Akuntansi dan Keuangan Lembaga', '11707193', 'LULUS'),
(11707194, 'Nabila Putri Damayanti', 'Akuntansi dan Keuangan Lembaga', '11707194', 'LULUS'),
(11707195, 'Nenden Sari Tanjung', 'Akuntansi dan Keuangan Lembaga', '11707195', 'LULUS'),
(11707196, 'Pradisa Shafa Zharfani', 'Akuntansi dan Keuangan Lembaga', '11707196', 'LULUS'),
(11707197, 'Putri Anggun Permatasari', 'Akuntansi dan Keuangan Lembaga', '11707197', 'LULUS'),
(11707198, 'Putri Intan Ainiyyah Ruswandi', 'Akuntansi dan Keuangan Lembaga', '11707198', 'LULUS'),
(11707199, 'Rafly Mulya Ramadhan', 'Akuntansi dan Keuangan Lembaga', '11707199', 'LULUS'),
(11707200, 'Rahayu Siti Maryam ', 'Akuntansi dan Keuangan Lembaga', '11707200', 'LULUS'),
(11707201, 'Ramzy Muhammad K', 'Akuntansi dan Keuangan Lembaga', '11707201', 'LULUS'),
(11707202, 'Rian Syahvierul', 'Akuntansi dan Keuangan Lembaga', '11707202', 'LULUS'),
(11707203, 'Salwa Syabina', 'Akuntansi dan Keuangan Lembaga', '11707203', 'LULUS'),
(11707204, 'Sindi Pratama Saputri', 'Akuntansi dan Keuangan Lembaga', '11707204', 'LULUS'),
(11707205, 'Siska Siti Kurnia Oktaviansyah', 'Akuntansi dan Keuangan Lembaga', '11707205', 'LULUS'),
(11707206, 'Siti Fadilatul Milah', 'Akuntansi dan Keuangan Lembaga', '11707206', 'LULUS'),
(11707207, 'Siti Nur Amaliah', 'Akuntansi dan Keuangan Lembaga', '11707207', 'LULUS'),
(11707208, 'Sitri Karyani Wibawa', 'Akuntansi dan Keuangan Lembaga', '11707208', 'LULUS'),
(11707209, 'Sri Ayu Wulandari', 'Akuntansi dan Keuangan Lembaga', '11707209', 'LULUS'),
(11707210, 'Sri Mulyani Fitri', 'Akuntansi dan Keuangan Lembaga', '11707210', 'LULUS'),
(11707211, 'Teguh Adam', 'Akuntansi dan Keuangan Lembaga', '11707211', 'LULUS'),
(11707212, 'Widia Ervina', 'Akuntansi dan Keuangan Lembaga', '11707212', 'LULUS'),
(11707213, 'Dara Sagita Nuranisa', 'Akuntansi dan Keuangan Lembaga', '11707213', 'LULUS'),
(11707214, 'Delia Safitri', 'Akuntansi dan Keuangan Lembaga', '11707214', 'LULUS'),
(11707215, 'Dita Aura Febrian', 'Akuntansi dan Keuangan Lembaga', '11707215', 'LULUS'),
(11707216, 'Earlyani Motik', 'Akuntansi dan Keuangan Lembaga', '11707216', 'LULUS'),
(11707217, 'Eka Rahadi', 'Akuntansi dan Keuangan Lembaga', '11707217', 'LULUS'),
(11707218, 'Elin', 'Akuntansi dan Keuangan Lembaga', '11707218', 'LULUS'),
(11707219, 'Hilda Himmatul Aliyah', 'Akuntansi dan Keuangan Lembaga', '11707219', 'LULUS'),
(11707220, 'Indah Lestari', 'Akuntansi dan Keuangan Lembaga', '11707220', 'LULUS'),
(11707221, 'Indri', 'Akuntansi dan Keuangan Lembaga', '11707221', 'LULUS'),
(11707222, 'Kariel Mohamad Gibran', 'Akuntansi dan Keuangan Lembaga', '11707222', 'LULUS'),
(11707223, 'Kayla Ratu Safitri', 'Akuntansi dan Keuangan Lembaga', '11707223', 'LULUS'),
(11707224, 'Mentari Ramadanti Kusumah', 'Akuntansi dan Keuangan Lembaga', '11707224', 'LULUS'),
(11707225, 'Nala Yuliabi', 'Akuntansi dan Keuangan Lembaga', '11707225', 'LULUS'),
(11707226, 'Nanda Sri Wahyuni', 'Akuntansi dan Keuangan Lembaga', '11707226', 'LULUS'),
(11707227, 'Nashia Intan Permata', 'Akuntansi dan Keuangan Lembaga', '11707227', 'LULUS'),
(11707228, 'Nova Noviyanti', 'Akuntansi dan Keuangan Lembaga', '11707228', 'LULUS'),
(11707229, 'Nur Irva Puza Lestari', 'Akuntansi dan Keuangan Lembaga', '11707229', 'LULUS'),
(11707230, 'Nurajizah', 'Akuntansi dan Keuangan Lembaga', '11707230', 'LULUS'),
(11707231, 'Nurul Rumaisa Aini', 'Akuntansi dan Keuangan Lembaga', '11707231', 'LULUS'),
(11707232, 'Nurvi Selvi Arviani', 'Akuntansi dan Keuangan Lembaga', '11707232', 'LULUS'),
(11707233, 'Ratu Shanty Kesumah', 'Akuntansi dan Keuangan Lembaga', '11707233', 'LULUS'),
(11707234, 'Riska Putri Kartika', 'Akuntansi dan Keuangan Lembaga', '11707234', 'LULUS'),
(11707235, 'Risma Nurjanah', 'Akuntansi dan Keuangan Lembaga', '11707235', 'LULUS'),
(11707236, 'Rival Kustiawan', 'Akuntansi dan Keuangan Lembaga', '11707236', 'LULUS'),
(11707237, 'Sanbio Arbanza', 'Akuntansi dan Keuangan Lembaga', '11707237', 'LULUS'),
(11707238, 'Selvita Aulia Rahayu', 'Akuntansi dan Keuangan Lembaga', '11707238', 'LULUS'),
(11707239, 'Septi Amelia', 'Akuntansi dan Keuangan Lembaga', '11707239', 'LULUS'),
(11707240, 'Silvia Kurniawan', 'Akuntansi dan Keuangan Lembaga', '11707240', 'LULUS'),
(11707241, 'Sintia Agustina', 'Akuntansi dan Keuangan Lembaga', '11707241', 'LULUS'),
(11707242, 'Siska Kurnia Dwiyanti', 'Akuntansi dan Keuangan Lembaga', '11707242', 'LULUS'),
(11707243, 'Syifa Ainaya', 'Akuntansi dan Keuangan Lembaga', '11707243', 'LULUS'),
(11707244, 'Tria Suryani', 'Akuntansi dan Keuangan Lembaga', '11707244', 'LULUS'),
(11707245, 'Vina Alpiani', 'Akuntansi dan Keuangan Lembaga', '11707245', 'LULUS'),
(11707246, 'Vira Nurul Utami', 'Akuntansi dan Keuangan Lembaga', '11707246', 'LULUS'),
(11707247, 'Zian Azila ', 'Akuntansi dan Keuangan Lembaga', '11707247', 'LULUS'),
(11707248, 'Zulfa Sherliana', 'Akuntansi dan Keuangan Lembaga', '11707248', 'LULUS'),
(11707249, 'Aji Faisal', 'Otomatisasi dan Keuangan Lembaga', '11707249', 'LULUS'),
(11707250, 'Aldi Wardimansyah', 'Otomatisasi dan Keuangan Lembaga', '11707250', 'LULUS'),
(11707251, 'Amira Hendriany Inayah', 'Otomatisasi dan Keuangan Lembaga', '11707251', 'LULUS'),
(11707252, 'Annisa Rizqi', 'Otomatisasi dan Keuangan Lembaga', '11707252', 'LULUS'),
(11707253, 'Burhan Nudin', 'Otomatisasi dan Keuangan Lembaga', '11707253', 'LULUS'),
(11707254, 'Delian Laila', 'Otomatisasi dan Keuangan Lembaga', '11707254', 'LULUS'),
(11707255, 'Dianita Azzhara', 'Otomatisasi dan Keuangan Lembaga', '11707255', 'LULUS'),
(11707256, 'Dwi Stephanie Baiin', 'Otomatisasi dan Keuangan Lembaga', '11707256', 'LULUS'),
(11707257, 'Elsa Hardiantini', 'Otomatisasi dan Keuangan Lembaga', '11707257', 'LULUS'),
(11707258, 'Elsa Yuniarti', 'Otomatisasi dan Keuangan Lembaga', '11707258', 'LULUS'),
(11707259, 'Eni Nurani', 'Otomatisasi dan Keuangan Lembaga', '11707259', 'LULUS'),
(11707260, 'Fauzi Munandar', 'Otomatisasi dan Keuangan Lembaga', '11707260', 'LULUS'),
(11707261, 'Indah Nauli Damanik', 'Otomatisasi dan Keuangan Lembaga', '11707261', 'LULUS'),
(11707262, 'Intan Nurlianti', 'Otomatisasi dan Keuangan Lembaga', '11707262', 'LULUS'),
(11707263, 'Kania Syifa Azzahra', 'Otomatisasi dan Keuangan Lembaga', '11707263', 'LULUS'),
(11707265, 'Marsela', 'Otomatisasi dan Keuangan Lembaga', '11707265', 'LULUS'),
(11707266, 'Nadea Nova Agustin', 'Otomatisasi dan Keuangan Lembaga', '11707266', 'LULUS'),
(11707267, 'Nisa Diana Putri', 'Otomatisasi dan Keuangan Lembaga', '11707267', 'LULUS'),
(11707268, 'Nurul Putri Pratiwi', 'Otomatisasi dan Keuangan Lembaga', '11707268', 'LULUS'),
(11707269, 'Putri Anjani', 'Otomatisasi dan Keuangan Lembaga', '11707269', 'LULUS'),
(11707270, 'Rani Rahmawati', 'Otomatisasi dan Keuangan Lembaga', '11707270', 'LULUS'),
(11707271, 'Restu Zulvianti', 'Otomatisasi dan Keuangan Lembaga', '11707271', 'LULUS'),
(11707272, 'Revaniza Rechita Rachman', 'Otomatisasi dan Keuangan Lembaga', '11707272', 'LULUS'),
(11707273, 'Riri Ramadhani', 'Otomatisasi dan Keuangan Lembaga', '11707273', 'LULUS'),
(11707274, 'Rizwan Purnama Putra', 'Otomatisasi dan Keuangan Lembaga', '11707274', 'LULUS'),
(11707275, 'Rully Juliana', 'Otomatisasi dan Keuangan Lembaga', '11707275', 'LULUS'),
(11707276, 'Salsa Noviyanti', 'Otomatisasi dan Keuangan Lembaga', '11707276', 'LULUS'),
(11707277, 'Sany Sulistiany', 'Otomatisasi dan Keuangan Lembaga', '11707277', 'LULUS'),
(11707278, 'Sekar Ardhia Pramesti', 'Otomatisasi dan Keuangan Lembaga', '11707278', 'LULUS'),
(11707279, 'Sela Apriyani', 'Otomatisasi dan Keuangan Lembaga', '11707279', 'LULUS'),
(11707280, 'Sera Agestin', 'Otomatisasi dan Keuangan Lembaga', '11707280', 'LULUS'),
(11707281, 'Silva Azijah Agustina', 'Otomatisasi dan Keuangan Lembaga', '11707281', 'LULUS'),
(11707282, 'Siti Nurwahdini', 'Otomatisasi dan Keuangan Lembaga', '11707282', 'LULUS'),
(11707283, 'Vina Rahayu', 'Otomatisasi dan Keuangan Lembaga', '11707283', 'LULUS'),
(11707284, 'Dede Saliya Rahmawati', 'Otomatisasi dan Keuangan Lembaga', '11707284', 'LULUS'),
(11707285, 'Dela Yulianti', 'Otomatisasi dan Keuangan Lembaga', '11707285', 'LULUS'),
(11707286, 'Detania Rosyana', 'Otomatisasi dan Keuangan Lembaga', '11707286', 'LULUS'),
(11707287, 'Dewi Rubianti', 'Otomatisasi dan Keuangan Lembaga', '11707287', 'LULUS'),
(11707288, 'Dimas Cahyadi', 'Otomatisasi dan Keuangan Lembaga', '11707288', 'LULUS'),
(11707290, 'Eva Sri', 'Otomatisasi dan Keuangan Lembaga', '11707290', 'LULUS'),
(11707291, 'Fani Febrianti', 'Otomatisasi dan Keuangan Lembaga', '11707291', 'LULUS'),
(11707292, 'Ferdiansyah Nurahman', 'Otomatisasi dan Keuangan Lembaga', '11707292', 'LULUS'),
(11707293, 'Fira Adhitya Putri Hasan', 'Otomatisasi dan Keuangan Lembaga', '11707293', 'LULUS'),
(11707295, 'Helen Prapitasari', 'Otomatisasi dan Keuangan Lembaga', '11707295', 'LULUS'),
(11707296, 'Herra Maharani', 'Otomatisasi dan Keuangan Lembaga', '11707296', 'LULUS'),
(11707297, 'Mahsa Dwi Aurelia', 'Otomatisasi dan Keuangan Lembaga', '11707297', 'LULUS'),
(11707298, 'Mumtahanah Syifa Ridallah', 'Otomatisasi dan Keuangan Lembaga', '11707298', 'LULUS'),
(11707299, 'Najmi Laila', 'Otomatisasi dan Keuangan Lembaga', '11707299', 'LULUS'),
(11707300, 'Nazla Nur Maryana', 'Otomatisasi dan Keuangan Lembaga', '11707300', 'LULUS'),
(11707301, 'Nila Sebetea', 'Otomatisasi dan Keuangan Lembaga', '11707301', 'LULUS'),
(11707302, 'Nima Shafira Rudianto', 'Otomatisasi dan Keuangan Lembaga', '11707302', 'LULUS'),
(11707303, 'Nissa Aulya', 'Otomatisasi dan Keuangan Lembaga', '11707303', 'LULUS'),
(11707304, 'Novallery Dwi Lestari', 'Otomatisasi dan Keuangan Lembaga', '11707304', 'LULUS'),
(11707305, 'Putri Afrilia', 'Otomatisasi dan Keuangan Lembaga', '11707305', 'LULUS'),
(11707306, 'Ranti Aliyah Ismiatun', 'Otomatisasi dan Keuangan Lembaga', '11707306', 'LULUS'),
(11707307, 'Rasti Herliana', 'Otomatisasi dan Keuangan Lembaga', '11707307', 'LULUS'),
(11707308, 'Renal Agustian', 'Otomatisasi dan Keuangan Lembaga', '11707308', 'LULUS'),
(11707309, 'Silva Dwi Yanti', 'Otomatisasi dan Keuangan Lembaga', '11707309', 'LULUS'),
(11707310, 'Silvira Ananda', 'Otomatisasi dan Keuangan Lembaga', '11707310', 'LULUS'),
(11707311, 'Sindi Sahmida Septiani', 'Otomatisasi dan Keuangan Lembaga', '11707311', 'LULUS'),
(11707312, 'Siti Rahwati Junaedi', 'Otomatisasi dan Keuangan Lembaga', '11707312', 'LULUS'),
(11707313, 'Siti Rohmah', 'Otomatisasi dan Keuangan Lembaga', '11707313', 'LULUS'),
(11707314, 'Siti Syamsiah Cahyani', 'Otomatisasi dan Keuangan Lembaga', '11707314', 'LULUS'),
(11707315, 'Suci Noverlianti', 'Otomatisasi dan Keuangan Lembaga', '11707315', 'LULUS'),
(11707316, 'Vivi Alvina Noviyanti', 'Otomatisasi dan Keuangan Lembaga', '11707316', 'LULUS'),
(11707317, 'Wardah Hayati', 'Otomatisasi dan Keuangan Lembaga', '11707317', 'LULUS'),
(11707318, 'Yulia Noor Rachmah', 'Otomatisasi dan Keuangan Lembaga', '11707318', 'LULUS'),
(11707319, 'Yuyu Yusinta', 'Otomatisasi dan Keuangan Lembaga', '11707319', 'LULUS'),
(11707320, 'Adhela Nur\'aliza', 'Bisnis Daring dan Pemasaran', '11707320', 'LULUS'),
(11707321, 'Alvina Maudina', 'Bisnis Daring dan Pemasaran', '11707321', 'LULUS'),
(11707322, 'Amelia Sonia', 'Bisnis Daring dan Pemasaran', '11707322', 'LULUS'),
(11707323, 'Andhika Pramaditya Bila', 'Bisnis Daring dan Pemasaran', '11707323', 'LULUS'),
(11707324, 'Auzan Radifan', 'Bisnis Daring dan Pemasaran', '11707324', 'LULUS'),
(11707325, 'Bima Sakti Efendi', 'Bisnis Daring dan Pemasaran', '11707325', 'LULUS'),
(11707326, 'Dasep Hidayat', 'Bisnis Daring dan Pemasaran', '11707326', 'LULUS'),
(11707327, 'Dea Niska', 'Bisnis Daring dan Pemasaran', '11707327', 'LULUS'),
(11707328, 'Dewi Sri Wahyuni', 'Bisnis Daring dan Pemasaran', '11707328', 'LULUS'),
(11707329, 'Firda Octavia Putri', 'Bisnis Daring dan Pemasaran', '11707329', 'LULUS'),
(11707330, 'Fitri Suci Wahyuni', 'Bisnis Daring dan Pemasaran', '11707330', 'LULUS'),
(11707331, 'Ikhsan Rafi Pratama', 'Bisnis Daring dan Pemasaran', '11707331', 'LULUS'),
(11707332, 'Intan Fhadillah Nurkhaliq', 'Bisnis Daring dan Pemasaran', '11707332', 'LULUS'),
(11707333, 'Latifah Julianti', 'Bisnis Daring dan Pemasaran', '11707333', 'LULUS'),
(11707334, 'Linda Putri Kusmawandi', 'Bisnis Daring dan Pemasaran', '11707334', 'LULUS'),
(11707335, 'M Fauzan Aditya', 'Bisnis Daring dan Pemasaran', '11707335', 'LULUS'),
(11707336, 'Marisa Maharani Eka Putri', 'Bisnis Daring dan Pemasaran', '11707336', 'LULUS'),
(11707337, 'Muhamad Sahputra', 'Bisnis Daring dan Pemasaran', '11707337', 'LULUS'),
(11707338, 'Nazla Zihana', 'Bisnis Daring dan Pemasaran', '11707338', 'LULUS'),
(11707339, 'Nur Aliefiyah', 'Bisnis Daring dan Pemasaran', '11707339', 'LULUS'),
(11707340, 'Nurul Riva Oktaviani', 'Bisnis Daring dan Pemasaran', '11707340', 'LULUS'),
(11707341, 'Putri Regina Irawan', 'Bisnis Daring dan Pemasaran', '11707341', 'LULUS'),
(11707343, 'Rahmah Sofaria Badrudin', 'Bisnis Daring dan Pemasaran', '11707343', 'LULUS'),
(11707344, 'Rega Seftian', 'Bisnis Daring dan Pemasaran', '11707344', 'LULUS'),
(11707345, 'Regina Aprilia Setiawan', 'Bisnis Daring dan Pemasaran', '11707345', 'LULUS'),
(11707346, 'Reval Rivaldi', 'Bisnis Daring dan Pemasaran', '11707346', 'LULUS'),
(11707347, 'Rifki Alfarez', 'Bisnis Daring dan Pemasaran', '11707347', 'LULUS'),
(11707348, 'Risa Nuraisah', 'Bisnis Daring dan Pemasaran', '11707348', 'LULUS'),
(11707349, 'Ryan Ferdian', 'Bisnis Daring dan Pemasaran', '11707349', 'LULUS'),
(11707350, 'Sindi Safrila Maharesta', 'Bisnis Daring dan Pemasaran', '11707350', 'LULUS'),
(11707351, 'Sinta Nuraeni', 'Bisnis Daring dan Pemasaran', '11707351', 'LULUS'),
(11707352, 'Siti Salsabila', 'Bisnis Daring dan Pemasaran', '11707352', 'LULUS'),
(11707353, 'Uswatun Hasanah', 'Bisnis Daring dan Pemasaran', '11707353', 'LULUS'),
(11707354, 'Wandri Nurdiawanto', 'Bisnis Daring dan Pemasaran', '11707354', 'LULUS'),
(11707355, 'Widia Mutiara Julianti', 'Bisnis Daring dan Pemasaran', '11707355', 'LULUS'),
(11707356, 'Adi Rizki', 'Bisnis Daring dan Pemasaran', '11707356', 'LULUS'),
(11707357, 'Anisa Cahyani', 'Bisnis Daring dan Pemasaran', '11707357', 'LULUS'),
(11707358, 'Asep Muslih Muldani', 'Bisnis Daring dan Pemasaran', '11707358', 'LULUS'),
(11707359, 'Ayu Aprilia Dwi Saputri', 'Bisnis Daring dan Pemasaran', '11707359', 'LULUS'),
(11707360, 'Ayuni Aprilia', 'Bisnis Daring dan Pemasaran', '11707360', 'LULUS'),
(11707362, 'Dinar', 'Bisnis Daring dan Pemasaran', '11707362', 'LULUS'),
(11707364, 'Eni Nuraeni', 'Bisnis Daring dan Pemasaran', '11707364', 'LULUS'),
(11707365, 'Fahmi Muhammad Ramdhani', 'Bisnis Daring dan Pemasaran', '11707365', 'LULUS'),
(11707366, 'Khoerul Nisa', 'Bisnis Daring dan Pemasaran', '11707366', 'LULUS'),
(11707367, 'M. Mulqi Maulana', 'Bisnis Daring dan Pemasaran', '11707367', 'LULUS'),
(11707368, 'M Ibnue Al Ikhsan', 'Bisnis Daring dan Pemasaran', '11707368', 'LULUS'),
(11707369, 'Maharani', 'Bisnis Daring dan Pemasaran', '11707369', 'LULUS'),
(11707370, 'Mila Novilia', 'Bisnis Daring dan Pemasaran', '11707370', 'LULUS'),
(11707371, 'Monica Oktavia', 'Bisnis Daring dan Pemasaran', '11707371', 'LULUS'),
(11707372, 'Muhamad Asep Salman', 'Bisnis Daring dan Pemasaran', '11707372', 'LULUS'),
(11707373, 'Muhamad Ilham', 'Bisnis Daring dan Pemasaran', '11707373', 'LULUS'),
(11707375, 'Najma Sakinah', 'Bisnis Daring dan Pemasaran', '11707375', 'LULUS'),
(11707376, 'Putri Anggraeni', 'Bisnis Daring dan Pemasaran', '11707376', 'LULUS'),
(11707377, 'Rania Rahmawati', 'Bisnis Daring dan Pemasaran', '11707377', 'LULUS'),
(11707378, 'Rega Muhamad Fahlepi', 'Bisnis Daring dan Pemasaran', '11707378', 'LULUS'),
(11707379, 'Reksa Kurnia Dipa', 'Bisnis Daring dan Pemasaran', '11707379', 'LULUS'),
(11707380, 'Salma Bunga Agustina', 'Bisnis Daring dan Pemasaran', '11707380', 'LULUS'),
(11707381, 'Sania Sagita Wijaya', 'Bisnis Daring dan Pemasaran', '11707381', 'LULUS'),
(11707382, 'Sena Tri Amanda', 'Bisnis Daring dan Pemasaran', '11707382', 'LULUS'),
(11707383, 'Siti Aisyah', 'Bisnis Daring dan Pemasaran', '11707383', 'LULUS'),
(11707385, 'Siti Nurlaela Safitri', 'Bisnis Daring dan Pemasaran', '11707385', 'LULUS'),
(11707386, 'Siti Raima Fitria Nur Afifah', 'Bisnis Daring dan Pemasaran', '11707386', 'LULUS'),
(11707387, 'Sophia Salsa', 'Bisnis Daring dan Pemasaran', '11707387', 'LULUS'),
(11707388, 'Sovhie Fauziah', 'Bisnis Daring dan Pemasaran', '11707388', 'LULUS'),
(11707389, 'Tiara Efrisani', 'Bisnis Daring dan Pemasaran', '11707389', 'LULUS'),
(11707390, 'Vira Dwi Juliani', 'Bisnis Daring dan Pemasaran', '11707390', 'LULUS'),
(11707391, 'Agis Pangestu', 'Bisnis Daring dan Pemasaran', '11707391', 'LULUS'),
(11707392, 'Anggriana Fajrin', 'Bisnis Daring dan Pemasaran', '11707392', 'LULUS'),
(11707393, 'Bunga Anjani Luthfiantiaji', 'Bisnis Daring dan Pemasaran', '11707393', 'LULUS'),
(11707395, 'Clarisa Putri Salsabila', 'Bisnis Daring dan Pemasaran', '11707395', 'LULUS'),
(11707396, 'Dina Afriani', 'Bisnis Daring dan Pemasaran', '11707396', 'LULUS'),
(11707397, 'Epi Rusmiati', 'Bisnis Daring dan Pemasaran', '11707397', 'LULUS'),
(11707400, 'Indri Prameswari', 'Bisnis Daring dan Pemasaran', '11707400', 'LULUS'),
(11707401, 'Juliana', 'Bisnis Daring dan Pemasaran', '11707401', 'LULUS'),
(11707402, 'Lukman Nur Hakim', 'Bisnis Daring dan Pemasaran', '11707402', 'LULUS'),
(11707403, 'Mirawati', 'Bisnis Daring dan Pemasaran', '11707403', 'LULUS'),
(11707404, 'Muhamad Abdul Azis', 'Bisnis Daring dan Pemasaran', '11707404', 'LULUS'),
(11707405, 'Muhammad Farhan Efendi', 'Bisnis Daring dan Pemasaran', '11707405', 'LULUS'),
(11707406, 'Muhammad Nurpalah', 'Bisnis Daring dan Pemasaran', '11707406', 'LULUS'),
(11707408, 'Nisa Melianasari', 'Bisnis Daring dan Pemasaran', '11707408', 'LULUS'),
(11707409, 'Nurfadhillah', 'Bisnis Daring dan Pemasaran', '11707409', 'LULUS'),
(11707410, 'Pri Salsa Bila', 'Bisnis Daring dan Pemasaran', '11707410', 'LULUS'),
(11707411, 'Putri Sania Umu Rizky', 'Bisnis Daring dan Pemasaran', '11707411', 'LULUS'),
(11707412, 'Rahma Wulan Nuriani', 'Bisnis Daring dan Pemasaran', '11707412', 'LULUS'),
(11707413, 'Rahman Hady', 'Bisnis Daring dan Pemasaran', '11707413', 'LULUS'),
(11707414, 'Ranti Juniawati', 'Bisnis Daring dan Pemasaran', '11707414', 'LULUS'),
(11707415, 'Resa Tania', 'Bisnis Daring dan Pemasaran', '11707415', 'LULUS'),
(11707416, 'Reza Agustian', 'Bisnis Daring dan Pemasaran', '11707416', 'LULUS'),
(11707417, 'Salma Fares', 'Bisnis Daring dan Pemasaran', '11707417', 'LULUS'),
(11707418, 'Salwa Koswara', 'Bisnis Daring dan Pemasaran', '11707418', 'LULUS'),
(11707419, 'Siska Meyisa Ameliya Serliani', 'Bisnis Daring dan Pemasaran', '11707419', 'LULUS'),
(11707420, 'Siti Ayu Pratiwi', 'Bisnis Daring dan Pemasaran', '11707420', 'LULUS'),
(11707421, 'Siti Maemunah', 'Bisnis Daring dan Pemasaran', '11707421', 'LULUS'),
(11707422, 'Siti Sarah Nurfitri', 'Bisnis Daring dan Pemasaran', '11707422', 'LULUS'),
(11707423, 'Wita Deswita', 'Bisnis Daring dan Pemasaran', '11707423', 'LULUS'),
(11707424, 'Yuni Sri Rahmawati', 'Bisnis Daring dan Pemasaran', '11707424', 'LULUS'),
(11707425, 'Yuniar Puspita Dewi', 'Bisnis Daring dan Pemasaran', '11707425', 'LULUS'),
(11707426, 'Zahra', 'Bisnis Daring dan Pemasaran', '11707426', 'LULUS'),
(21807427, 'Bintang Cahyadi', 'Teknik Komputer dan Jaringan', '21807427', 'LULUS'),
(21807861, 'Yunita Umarni', 'Bisnis Daring dan Pemasaran', '21807861', 'LULUS');

--
-- Indexes for dumped tables
--

--
-- Indexes for table `jurusan`
--
ALTER TABLE `jurusan`
  ADD PRIMARY KEY (`id_jurusan`);

--
-- Indexes for table `keys`
--
ALTER TABLE `keys`
  ADD PRIMARY KEY (`id`);

--
-- Indexes for table `limits`
--
ALTER TABLE `limits`
  ADD PRIMARY KEY (`id`);

--
-- Indexes for table `mahasiswa`
--
ALTER TABLE `mahasiswa`
  ADD PRIMARY KEY (`nim`),
  ADD KEY `id_jurusan` (`id_jurusan`);

--
-- Indexes for table `tb_dokumen`
--
ALTER TABLE `tb_dokumen`
  ADD PRIMARY KEY (`id_dokumen`),
  ADD KEY `nis` (`nis`);

--
-- Indexes for table `tb_siswa`
--
ALTER TABLE `tb_siswa`
  ADD PRIMARY KEY (`nis`);

--
-- AUTO_INCREMENT for dumped tables
--

--
-- AUTO_INCREMENT for table `keys`
--
ALTER TABLE `keys`
  MODIFY `id` int(11) NOT NULL AUTO_INCREMENT, AUTO_INCREMENT=3;

--
-- AUTO_INCREMENT for table `limits`
--
ALTER TABLE `limits`
  MODIFY `id` int(11) NOT NULL AUTO_INCREMENT, AUTO_INCREMENT=3;

--
-- AUTO_INCREMENT for table `tb_dokumen`
--
ALTER TABLE `tb_dokumen`
  MODIFY `id_dokumen` int(11) NOT NULL AUTO_INCREMENT, AUTO_INCREMENT=428;

--
-- Constraints for dumped tables
--

--
-- Constraints for table `mahasiswa`
--
ALTER TABLE `mahasiswa`
  ADD CONSTRAINT `mahasiswa_ibfk_1` FOREIGN KEY (`id_jurusan`) REFERENCES `jurusan` (`id_jurusan`);

--
-- Constraints for table `tb_dokumen`
--
ALTER TABLE `tb_dokumen`
  ADD CONSTRAINT `tb_dokumen_ibfk_1` FOREIGN KEY (`nis`) REFERENCES `tb_siswa` (`nis`);
COMMIT;

/*!40101 SET CHARACTER_SET_CLIENT=@OLD_CHARACTER_SET_CLIENT */;
/*!40101 SET CHARACTER_SET_RESULTS=@OLD_CHARACTER_SET_RESULTS */;
/*!40101 SET COLLATION_CONNECTION=@OLD_COLLATION_CONNECTION */;
